job_title,job_function
President,Leadership and Organizational Planning
Business Development Analyst,Business Development
Project Engineer,Engineering
Executive Assistant,General Management
Owner,Leadership and Organizational Planning
Senior Director,Operations & Maintenance
"Senior Manager, Global Residential Marketing",Business Development
Applications Engineer,Engineering
Environmental  Engineer/Program  Manager,Engineering
Executive,Product Development and Management
Chief Technology Officer,Product Development and Management
Communications Manager,Business Development
Principal Consultant,General Management
Construction Manager,Engineering
Solar Professional Installer,Product Development and Management
Distibution Protection Engineer,Engineering
Princpal,Product Development and Management
Account Manager,Business Development
Marketing Programs Manager,Business Development
Dr.,Product Development and Management
Product & Systems Marketing,Business Development
Senior Landscape Architect,Engineering
Senior Strategic Government Relations Coordinator,Government & Regulatory Affairs
"Director, Resilience Initiatives",Operations & Maintenance
0,Product Development and Management
Business Development,Business Development
VP of Marketing,Business Development
Chief Operating Officer,Engineering
Business Development Manager,Business Development
"Marketing, Communication and General Support",Business Development
"Director, Renewables, Technical Advisory",Business Development
Financial Analyst,General Management
President,Leadership and Organizational Planning
Project Developer,Engineering
Representative,Product Development and Management
Project Manager,Engineering
BUSINESS DEVELOPMENT MANAGER,Business Development
"Senior Manager, Strategic Marketing",Business Development
Sir,Product Development and Management
Senior Project Development Manager,Business Development
Business Development,Leadership and Organizational Planning
Chief Executive Officer,Leadership and Organizational Planning
"Director, Aviation Sales and Marketing, North America",Business Development
Corp Communication Specialist,Business Development
Sr. Cybersecurity Consultant,General Management
Securities,Product Development and Management
Operations,Engineering
CEO/Managing Member,Product Development and Management
Consulting Engineer,General Management
Sales engineer,Business Development
Managing Consultant,General Management
Communications & Brand,Business Development
VP of Business Development,Business Development
Organizer,Product Development and Management
"Senior Manager, State Government Affairs",Government & Regulatory Affairs
SENIOR MARKETING LEADER,Business Development
VP Finance & Administration,General Management
SREC Operations Analyst,Engineering
Office Manager and Subscriptions,General Management
CEO,Leadership and Organizational Planning
President,Leadership and Organizational Planning
President of Auriga Cap. Mngt.,Leadership and Organizational Planning
CTO,Leadership and Organizational Planning
Western Region Branch Manager,Government & Regulatory Affairs
Account Manager,Business Development
Business Administrator,General Management
President,Leadership and Organizational Planning
Fournder,Product Development and Management
Accounting/Commercial Sales Assistant,Business Development
Managing Partner,Leadership and Organizational Planning
Developer,Engineering
Regional Manager,Business Development
Senior Consultant,General Management
Project Manager,Engineering
Sales Manager,Business Development
Foreman,Product Development and Management
Consultant,General Management
President,Leadership and Organizational Planning
Sales Manager ,Business Development
Business Development Executive,Business Development
Director Product Marketing,Business Development
consultant,General Management
System Engineer,Engineering
Regional Sales Manager,Business Development
Commercial PV Designer,Product Development and Management
Business Development,Business Development
Manager of Demand Gen,Operations & Maintenance
Strategy Business Manager,Leadership and Organizational Planning
Project Engineer 1,Engineering
EVP - Corporate Development,Business Development
senior director - Power & Renewables,Product Development and Management
Operations Manager,Engineering
President,Leadership and Organizational Planning
"Former Southern Co Mgr., DER Policy",Product Development and Management
Business Development Manager,Business Development
Director - Power Delivery,Operations & Maintenance
Sales Engineer,Business Development
CEO,Leadership and Organizational Planning
Applications Engineer,Engineering
Sr. Marketing Specialist,Business Development
"Senior Manager, Engineering, Solar",Engineering
Senior Partner,Leadership and Organizational Planning
Partner,Leadership and Organizational Planning
Vice President,Leadership and Organizational Planning
Director of Hub Services,Operations & Maintenance
Engineer,Engineering
Director of Sustainability Policy,Government & Regulatory Affairs
Senior Sales Manager,Business Development
MD,Product Development and Management
R&D,Product Development and Management
Ms.,Product Development and Management
Vice President,Leadership and Organizational Planning
Applications Engineer,Engineering
Market Research Coordinator,Business Development
National Sales Manager,Business Development
Managing Partner,Leadership and Organizational Planning
Sales,Business Development
Director of Research,Product Development and Management
Consultant,General Management
Senior Development Engineer,Business Development
Sr. Account Representative,General Management
CEO,Leadership and Organizational Planning
President,Product Development and Management
CTO,Leadership and Organizational Planning
Principal Energy Systems Consultant,General Management
Sr. Manager Sales Enginee,Business Development
Managing Director,Leadership and Organizational Planning
Director Energy Management Systems,Leadership and Organizational Planning
Estimator,Product Development and Management
"Director, Product Management",Product Development and Management
Project Manager,Engineering
engineer,Engineering
Executive Assistant/Office Manager,General Management
Executive Assistant To Chief Financial Officer,Leadership and Organizational Planning
Sales,Business Development
Reporter,General Management
VP of Sales (West),Business Development
Regulatory,Government & Regulatory Affairs
"Director, Preconstruction",Engineering
Owner,Leadership and Organizational Planning
Innovation Program Manager,Product Development and Management
Marketing & Business Development,Business Development
Portfolio Management,Operations & Maintenance
Project Manager,Engineering
President,Leadership and Organizational Planning
Dir of Proj Dev,Product Development and Management
Director of Interconnection and Land Development,Business Development
UK Country Manager,Operations & Maintenance
Vice President - Residential Mid-Market Business,Product Development and Management
Videographer Manager,Operations & Maintenance
Principal Consultant,General Management
Team Leader,Business Development
Director Global Technical Sales,Business Development
Electrical Engineer,Engineering
Rim Manager,General Management
PM,Product Development and Management
Inside Sales Manager,Business Development
Senior Director and Global Head - Markets Care,Product Development and Management
Head Scada and systems integration,Product Development and Management
"Analyst, Bloomberg New Energy Finance",Product Development and Management
Finance and Operations Manager,Engineering
Senior vice president,Leadership and Organizational Planning
Sales Manager,Business Development
Technology Consulting Senior Manager,Product Development and Management
President,Leadership and Organizational Planning
Regional Sales Vice President,Business Development
SVP Structured Finance,Leadership and Organizational Planning
Research and Teaching Assistant,Product Development and Management
MAP Energy Solutions,Product Development and Management
"ADMINISTRATIVE SUPPORT, SALES & MKT",Business Development
Equity Research Associate,Product Development and Management
President,Leadership and Organizational Planning
Inside Sales Engineer - Renewables,Business Development
"Associate VP Sales, Smart Grid",Business Development
"Managing Director, Utility Sales",Business Development
"Chief Marketing Officer, GE Energy Management Industrial Solutions",Business Development
Business Development Manager,Business Development
Individual,Product Development and Management
Director- marketing,Business Development
Sales Representative,Business Development
Power Origination and Project Development,Business Development
Digital Marketing Manager,Business Development
CEO,Leadership and Organizational Planning
EPSU,Product Development and Management
Advanded Development Programs,Business Development
"Manager, Marketing & Communications",Business Development
Commissioner,Product Development and Management
SVP - Renewables,Product Development and Management
Research Program Manager - Solar Facility,Product Development and Management
Business Analyst,Business Development
Director of Solar Technology Development,Business Development
Senior Operations Analyst,Engineering
President,Leadership and Organizational Planning
Partner - Senior Vice President,Leadership and Organizational Planning
Vice President,Leadership and Organizational Planning
VP Corporate Development,Business Development
President CEO,Leadership and Organizational Planning
Partner,Leadership and Organizational Planning
"Manager, Technical Sales",Business Development
properitor,Engineering
Founder,Leadership and Organizational Planning
senior market strategist,Product Development and Management
President,Leadership and Organizational Planning
Engineer,Engineering
Senior Vice President,Leadership and Organizational Planning
SVP,Leadership and Organizational Planning
Project Manager,Engineering
Sales manager,Operations & Maintenance
Associate Director,Operations & Maintenance
Administrative Assistant,General Management
Software Engineer,Engineering
CEO,Leadership and Organizational Planning
Engagement Manager,Engineering
Account Executive,Business Development
AGC—Corporate,Product Development and Management
Sales Manager,Business Development
Product Marketing Manager,Business Development
Service director,Operations & Maintenance
"EVP, Manager Commercial Americas",Leadership and Organizational Planning
Consultant,General Management
Product Manager,Product Development and Management
| Raman Spectroscopy System Sales | South Central US |,Business Development
Invoice Compliance Analyst,Government & Regulatory Affairs
Solar Product Manager,Product Development and Management
Environmental Engineer,Engineering
Sales,Business Development
Regional Sales Manager,Business Development
COO,Leadership and Organizational Planning
"Manager, Office of Sustainability",General Management
Solar Leadership Program,Business Development
"Director of Finance, Baywa r.e",General Management
Financial Analyst,General Management
Function Leader,Business Development
Marketing Manager,Business Development
Sales Consultant,Business Development
Vice President,Leadership and Organizational Planning
Senior Research Analyst,Product Development and Management
"Director, Toshiba World Wide Marketing",Business Development
Regional Sales Manager,Business Development
Holographer,Product Development and Management
Project manager,Engineering
AD,Product Development and Management
CEO,Leadership and Organizational Planning
"VP, Research & Product Dev.",Product Development and Management
Power & Infrastructure Finance,General Management
Chief Operating Officer,Engineering
Director of Engineering,Engineering
Account Manager,Business Development
Director of Project Management,Engineering
Director of Deal Development and Execution,Business Development
Sustainability Consultant,General Management
Sales/Business Development,Business Development
President,Leadership and Organizational Planning
Senior Financial Associate,General Management
"Director, North American Power",Leadership and Organizational Planning
Sales Specialist,Business Development
Director of Marketing & Communications,Business Development
Data Center Energy Manager,Operations & Maintenance
President,Leadership and Organizational Planning
Admin,General Management
CTO,Leadership and Organizational Planning
Executive Vice President,Leadership and Organizational Planning
"Vice President, Community Solar",Product Development and Management
Dir Reg & Leg Affairs,Government & Regulatory Affairs
VP Sales,Business Development
Junior Product Development Manager,Business Development
"Co-founder & VP, Hardware Engineering",Engineering
HSSE Engineer,Engineering
Project Engineer,Engineering
Technical Sales Support Prof.,Business Development
CEO,Leadership and Organizational Planning
Co-Founder,Leadership and Organizational Planning
CFO,Leadership and Organizational Planning
TECHNICAL MANAGER,Operations & Maintenance
Sales,Business Development
Project Engineer,Engineering
"Director, Power Marketing",Business Development
Marketing Specialist,Business Development
Exercutivo,Product Development and Management
Sales,Business Development
Events Marketing Manager,Business Development
SVP Strategy,Leadership and Organizational Planning
Logistics Coordinator,Product Development and Management
Position In Sports Development Officer&zwnj,Business Development
Sales/Business Development,Business Development
Vice President,Leadership and Organizational Planning
"Sr. Marketing Mgr., Huawei North America Smart PV Plant Solution",Business Development
Marketing Coordinator,Business Development
Director of Client Solutions,Business Development
Director EPC C&I,Operations & Maintenance
Research Analyst,Product Development and Management
Executive Vice President & General Councel,Leadership and Organizational Planning
Operations Manager,Engineering
Business Development Manager,Business Development
Head of Global Sales and Strategic Development,Business Development
Marketing Manager,Business Development
Director of Comm Solar,Product Development and Management
Senior Director of Business Development,Business Development
President/Managing Director,Leadership and Organizational Planning
WHOLE SALE/BUSINESS,General Management
Senior Consultant,General Management
Senior Associate,General Management
President,Leadership and Organizational Planning
VP Transmission and Interconnection,Engineering
Senior Market & Optimization Analyst,Product Development and Management
"Senior Director, Market Development",Business Development
SENIOR PROJECT ENGINEER,Engineering
VP of Engineering,Engineering
Sales Director,Business Development
Director of Economic Development-Account Management-Energy Efficiency,Business Development
Owner/Engineer,Engineering
Managing Director,Leadership and Organizational Planning
RDC Network System Lab,Product Development and Management
Global Charging Infrastructure Manger,Product Development and Management
vp sales,Business Development
Sr Project Engineer,Engineering
CEO,Leadership and Organizational Planning
Senior Software Engineer,Engineering
Videographer,Product Development and Management
VP of Business Development,Business Development
Vice President Global New Market Solutions,Product Development and Management
Finance,General Management
Director of Business Development,Business Development
SG Solution Architect,Product Development and Management
CEO,Leadership and Organizational Planning
President,Leadership and Organizational Planning
Business Development,Business Development
Senior Vice President and Chief Financial Officer,Leadership and Organizational Planning
General Manager,General Management
Creative Director,Operations & Maintenance
Events Marketing Manager,Business Development
Quote lider,Product Development and Management
Senior Consultant,General Management
Business Development Associate,Business Development
President,Leadership and Organizational Planning
Board Member,Leadership and Organizational Planning
Vice President of Engineering,Engineering
Project Superintendent-Solar,Engineering
Sales Manager,Business Development
President & CEO,Leadership and Organizational Planning
Product Development Engineer,Business Development
Branch Supervisor,Engineering
CAD Engineer,Engineering
"Sales Manager, Northeast Region",Business Development
EXECUTIVE ASSISTANT,General Management
Research Associate,Product Development and Management
Associate Consultant,General Management
Solar Designer,Product Development and Management
Senior Product Manager,Product Development and Management
"Senior Mechanical Engineer, Desktop Product Design",Engineering
Senior External Consultant,General Management
cto,Leadership and Organizational Planning
Business Development,Business Development
National Connected and Automated Technologies Leader,Business Development
Co-Founder and COO,Leadership and Organizational Planning
Senior Specialist,Engineering
CEO,Leadership and Organizational Planning
President,Leadership and Organizational Planning
"Project Manager, PPL",Engineering
"Vice President, Product",Product Development and Management
Director of Policy and Market Development,Business Development
Field Service Supervisor,Engineering
Vice President of Clean Transportation,Leadership and Organizational Planning
"Manager, Regulatory Affairs and Market Development",Business Development
Executive Director,Leadership and Organizational Planning
Business Development Manager,Business Development
Substation Engineering Manager,Engineering
"VP/ Partner, Global Energy & Utilities Leader",Business Development
Marketing,Business Development
Regional General Manager,Business Development
electrical project engineer,Engineering
"Director, Utility Industry",Product Development and Management
Director of Research,Product Development and Management
"Chief Operating Officer, Corporates and Markets",Engineering
Partner,Leadership and Organizational Planning
Procurement Senior Manager,Operations & Maintenance
Senior Counsel,Government & Regulatory Affairs
Dir. Business Development,Business Development
Partner,Leadership and Organizational Planning
Electrical Project Engineer,Engineering
"Vice President, Software Sales, Sales ? Software Solutions",Business Development
Partner,Leadership and Organizational Planning
"Director, Program Management",Product Development and Management
Vice President,Leadership and Organizational Planning
Vice President,Leadership and Organizational Planning
VP of Business Development,Business Development
Rogers,Product Development and Management
President,Leadership and Organizational Planning
Staff Reporter,General Management
Director of Utility Relations,Product Development and Management
Software Developer,Engineering
Sr. Consultant,General Management
Plant Controller,Operations & Maintenance
Energy consultant,General Management
Systems Engineer,Engineering
Region Director - Southwest,Government & Regulatory Affairs
President,Leadership and Organizational Planning
Technician,Operations & Maintenance
Senior Attorney,Government & Regulatory Affairs
Chief Executive Officer + Co-Founder,Leadership and Organizational Planning
"Senior Director, Digital",Leadership and Organizational Planning
Mark,Product Development and Management
Senior Program Manager,Product Development and Management
IM,Product Development and Management
Policy Analyst,Government & Regulatory Affairs
COO,Leadership and Organizational Planning
Senior PM,Product Development and Management
Chairman - Verano Capital,Leadership and Organizational Planning
Senior Policy Aide for Sustainability,Government & Regulatory Affairs
Founder and CEO,Leadership and Organizational Planning
"Sr. Director, Sales",Business Development
Information Technology Budget Analyst,Product Development and Management
Owner,Leadership and Organizational Planning
Director Government Affairs,Government & Regulatory Affairs
Sales Manager,Business Development
nada,Product Development and Management
Product Specification Specialist,Engineering
Inside Sales Manager,Business Development
General Manager,General Management
Executive Assistant,General Management
Sales Manager,Business Development
Assistant Asset Manager,Operations & Maintenance
"Manager, Environmental Compliance",Government & Regulatory Affairs
Director of Inside Sales,Business Development
Senior Project Scheduler,Engineering
South Eastern Regional Sales Manager,Business Development
President,Leadership and Organizational Planning
Market Director,Product Development and Management
President,Leadership and Organizational Planning
Chief Strategist,Leadership and Organizational Planning
"Director, Business Development",Business Development
"SVP, Operations",Engineering
Global IoT Industry Marketing Lead,Business Development
President,Leadership and Organizational Planning
Eng.Electrical Engineer VI.,Engineering
"Vice President, Sales",Business Development
"Vice President, Commercial Sales",Business Development
Project Manager,Engineering
Sales manager MA,Business Development
Customer Service,Business Development
PD,Product Development and Management
COO,Leadership and Organizational Planning
Director Solution Architecture,Operations & Maintenance
VP External Affairs,Government & Regulatory Affairs
Director of Business Development,Business Development
CEO,Leadership and Organizational Planning
EagleView,Product Development and Management
Sr Product Line Manager,Product Development and Management
Electrical Interconnection Specialist,Engineering
"Regional VP, Sales, Central Region",Business Development
"General Manager, Energy Storage",Product Development and Management
Assistant General Counsel,Government & Regulatory Affairs
PM,Product Development and Management
Sales Representative,Business Development
Business Development Analyst,Business Development
Vice President Development,Business Development
"Program Manager, Electric Vehicles",Product Development and Management
Chair,Product Development and Management
Operations Manager,Engineering
Electrical Estimator,Product Development and Management
Director of Marketing,Business Development
Interconnection Plannign Engineer,Engineering
Vice President of Marketing,Business Development
"Vice President, Operations",Engineering
Sales manager,Business Development
Partner,Leadership and Organizational Planning
energy analyst,Product Development and Management
Chief Executive Officer,Leadership and Organizational Planning
Manager - Credits&Incentives,Operations & Maintenance
engineer,Engineering
"Regional Manager, Eastern (Canada)",Business Development
Chief Engineer,Leadership and Organizational Planning
Asset Acquisitions,Operations & Maintenance
Project Manager,Engineering
President & CEO,Leadership and Organizational Planning
digital marketing coordinator,Business Development
"Aviation Director, Project Engineering",Engineering
Solar engineer,Engineering
GC,Product Development and Management
CTO,Leadership and Organizational Planning
CFO,Leadership and Organizational Planning
Training Manager,Operations & Maintenance
Board Member,Leadership and Organizational Planning
US Business Unit,General Management
Other,Product Development and Management
Director of Sustainability,Operations & Maintenance
Solar Community Organizer,Product Development and Management
Co-Owner,Leadership and Organizational Planning
Vice President - Sales,Business Development
Founder and President,Leadership and Organizational Planning
Product Manager - Balance of Systems,Product Development and Management
Program Manager,Product Development and Management
President,Leadership and Organizational Planning
Outage and E&I Planner,Product Development and Management
Vice President of Customer Service Solutions,Business Development
"Managing Director, Advisory",Business Development
Office Administrator,General Management
Project Manager,Engineering
Solar Project Coordinator,Engineering
CEO,Leadership and Organizational Planning
Business Partner Program Consultant,Product Development and Management
VP of Marketing,Business Development
FAE,Product Development and Management
Engineer,Engineering
Owner,Leadership and Organizational Planning
President & Chief Operating Officer,Engineering
Downstream Planning,Product Development and Management
bilginkahraman,Product Development and Management
Project Manager,Engineering
Project Manager,Engineering
Partner,Leadership and Organizational Planning
BD,Business Development
Managing Partner,Leadership and Organizational Planning
"Director, Manufacturing",Operations & Maintenance
Engineer,Engineering
Director of Sales,Business Development
VP Products,Product Development and Management
Senior Engineer,Engineering
President & CEO,Leadership and Organizational Planning
Software Success Architect,Product Development and Management
CEO,Leadership and Organizational Planning
Solar Development Engineer,Business Development
Monolith Solar,Product Development and Management
Power Systems Application Engineer,Engineering
Purchasing & Customer Service Manager,Business Development
Business Development Manager,Business Development
Public Utilities Specialist and Energy Services Manager,Operations & Maintenance
Head of Acquistion,Product Development and Management
Managing Directo,Operations & Maintenance
Managing Director,Leadership and Organizational Planning
Business Developer,Engineering
Business Development Manager,Business Development
Product line director,Product Development and Management
Sales,Business Development
"Vice President, Corporate Controller",Leadership and Organizational Planning
Rakesh,Product Development and Management
Marketing Manager,Business Development
"Major, U.S. Marine Corps Retired",Product Development and Management
Director of Channel Sales,Business Development
Field Support Manager,Operations & Maintenance
Consultant,General Management
Senior Software Engineer,Engineering
Manager - Sales Operations and Recruiting,Business Development
Associate Director,Operations & Maintenance
Project Manager,Engineering
Senior Business Development Manager,Business Development
Expert Product Manager,Engineering
CFO,Leadership and Organizational Planning
Organisation Coordination Manager,Operations & Maintenance
Sr. Director of Engineering,Engineering
Project Engineer,Engineering
Renewable Project Analyst,Engineering
Energy Manager,Operations & Maintenance
"Director, Business Development",Business Development
"Associate, Energy & Engineerin",Engineering
Business Operations Leader,Business Development
"Vice President, Generation",Operations & Maintenance
Director of Project Finance,Engineering
Project Manager,Engineering
"Principal, Project Structuring",Engineering
Account Development Executive,Business Development
Engineer,Engineering
Tax Manager,General Management
Operations & Maintenance Supervisor,Engineering
National Director of Business Development,Business Development
Product Manager,Product Development and Management
"Manager, Policy and Business Development",Business Development
SENIOR MARKETING SPECIALIST,Business Development
Program Manager - Non-Residential CSI,Product Development and Management
Community Relations,Product Development and Management
General Manager of T&D,General Management
Principal Solutions Consultant,General Management
Senior Managing Partner,Leadership and Organizational Planning
"Vice President, Solar Finance",Product Development and Management
ASSISTANT RESEARCH SCIENTIST,Product Development and Management
Dir of PV Sys Sales,Business Development
Quality Manager,Operations & Maintenance
Managing Director- Community Solar,Product Development and Management
"Vice President, Power Generation",Operations & Maintenance
leewark international,General Management
Director Engineering,Engineering
Executive Vice President of Process Engineering,Engineering
VP Tech Sales,Business Development
"Utilities, Power, & Renewable Energy Analyst",Product Development and Management
Sales Director,Business Development
Business Development Associate,Business Development
CFO,Leadership and Organizational Planning
"Vice President, Stationary Energy Storage, Power Solutions",Product Development and Management
Assistant General Counsel,Government & Regulatory Affairs
Vice President,Leadership and Organizational Planning
Co-President,Leadership and Organizational Planning
COO,Leadership and Organizational Planning
Industry Professional,Product Development and Management
Market Research Manager,Business Development
CEO,Leadership and Organizational Planning
Project Engineer,Engineering
Director of Supply Chain,Operations & Maintenance
Senior Director of Sales,Business Development
President,Leadership and Organizational Planning
Marketing Manager,Business Development
Global Energy Market Analyst,Product Development and Management
Founder & Chairman,Leadership and Organizational Planning
GM of business division,General Management
Head of Sales Americas,Business Development
Global Key Accounts,Business Development
Sr Consultant,General Management
"Vice President, Sales & Marketing",Business Development
Science officer,General Management
Director of Marketing - Creative Studio and Web Content Strategy,Business Development
"VP, Strategy and Solution Development",Business Development
Director of Sales,Business Development
Solar Engineer,Engineering
CEDC,Product Development and Management
Director of Sales,Business Development
Marketing and Strategy Director,Business Development
Southeastern States Regional S,Business Development
Solutions Engineering,Engineering
BMS Auditor,General Management
Foley Hoag LLP,Product Development and Management
Matience Tech,Product Development and Management
Mgr of Codes & Regulatory,Government & Regulatory Affairs
Country Director,Operations & Maintenance
President,Leadership and Organizational Planning
Product Manager,Product Development and Management
"Sr Manager, Professional Engineering",Engineering
Business Development Manager,Business Development
Strategy Manager,Leadership and Organizational Planning
Consultant,General Management
Director of Origination and Business Development,Business Development
Marketing Associate,Business Development
Founder and President,Leadership and Organizational Planning
AMI Program Manager,Product Development and Management
Senior Software Engineer,Engineering
System Operator,Engineering
Co-Owner,Leadership and Organizational Planning
Owner,Leadership and Organizational Planning
Regional Sales Manager,Business Development
Director of O&M Sales,Business Development
Engineering Services Manager,Engineering
Senior Marketing & Development Manager,Business Development
Head of Industrial Sales,Business Development
Micro Grid Sales Manager,Business Development
Inside Sales Representative,Business Development
COO,Leadership and Organizational Planning
Managing Partner,Leadership and Organizational Planning
Sun Expert,Engineering
CEO,Leadership and Organizational Planning
RES Technical Research Specialist,Engineering
Head of Sales Operations,Business Development
"SVP, Aclara Smart Grid Solutions & Professional Services",Product Development and Management
Business Development Manager,Business Development
Director of High-Voltage Engineering,Engineering
Head Corporate Strategy & Communications,Business Development
Customer Service,Product Development and Management
International Correspondent,General Management
"Manager, Customer Energy Solutions",Business Development
"Director, Development",Business Development
SVP Product Development,Business Development
Director Sales & Marketing Ops,Business Development
Sales,Business Development
Director of Operations,Engineering
Vice President,Leadership and Organizational Planning
"VP, Service Operations",Engineering
Managing Director,Leadership and Organizational Planning
"Vice President, Operations",Engineering
Owner,Leadership and Organizational Planning
"Sr. Business Dev Manager, East",General Management
Executive Assistant/Office Manager,General Management
Project Manager,Engineering
"Senior Director, Solution Consulting and Enablement",General Management
Rockwool Roofing,Product Development and Management
President,Leadership and Organizational Planning
Booth Manager,Operations & Maintenance
Advisor Business Development,Business Development
Director of Sales - North,Business Development
President/Owner,Leadership and Organizational Planning
Chief Operating Officer,Engineering
Managing Director,Leadership and Organizational Planning
Marketing Manager US,Business Development
Vice President,Leadership and Organizational Planning
Engineering Director / Mechanical Engineer,Engineering
"Vice President, Technology",Product Development and Management
VP- Asset Mgt.,Operations & Maintenance
Risk Analyst,Leadership and Organizational Planning
Project Manager,Engineering
Plans Examiner,Product Development and Management
Sr. Project Manager,Engineering
CEO,Leadership and Organizational Planning
Executive Assistant,General Management
Distribution Account Manager,Business Development
Project Manager,Engineering
Vice President,Leadership and Organizational Planning
Dr,Product Development and Management
Sales Manager,Business Development
Marketing Coordinator,Business Development
"Board Member, Mergers & Aquisitions",Leadership and Organizational Planning
Managing Director,Leadership and Organizational Planning
Sales,Business Development
cfo,Leadership and Organizational Planning
President,Leadership and Organizational Planning
VP of Sales,Business Development
Director of Marketing- Electrical and Electronic,Business Development
Global Sustainability Director,Operations & Maintenance
Project Manager,Engineering
Presidente,Leadership and Organizational Planning
VP of Government Affairs,Government & Regulatory Affairs
CEO,Leadership and Organizational Planning
CEO & Co-founder,Leadership and Organizational Planning
Business Development Manager,Business Development
Owner,Leadership and Organizational Planning
trading seller,Product Development and Management
"Sr. Advisor, Market Strategy",Business Development
Commodity Manager,Operations & Maintenance
Product developer,Engineering
Global business lead storage,Business Development
Director of Solar,Product Development and Management
Supervisor Electric Distribution Metering,Engineering
"Sr. Manager, BD",Business Development
VP of Preconstruction,Engineering
Business Analyst,Business Development
Sales,Business Development
Marketing Manager,Business Development
Vice President,Leadership and Organizational Planning
Field Operations,Engineering
VP EV & Storage Infrastructure,Product Development and Management
Marketing Manager,Business Development
CFO,Leadership and Organizational Planning
Sales Leader,Business Development
Sales Marketing Coordinator,Business Development
Energy Specialist,Engineering
Manager of EV SmartCharge Program,Product Development and Management
Business Development,Business Development
"General Manager Strategy & Development, Services",Business Development
Project Development Director,Business Development
Senior Regulatory Manager,Government & Regulatory Affairs
"Vice President, Origination",Business Development
Renewables Team Leader,Business Development
Marketing Director,Business Development
Director of Traning Development,Business Development
President,Leadership and Organizational Planning
Marketing Specialist,Business Development
Sales Engineer,Business Development
"Exec Dir, State Reg. Affairs",Government & Regulatory Affairs
Marketing,Business Development
EU Market Development and Regulatory Analyst,Business Development
Associate - Market Operations,Engineering
"EPC, President & CFO",Leadership and Organizational Planning
Senior Sales Engineer,Business Development
Chief Financial Officer,Leadership and Organizational Planning
President,Leadership and Organizational Planning
Technical Manager,Operations & Maintenance
Executive Assistant,General Management
Proj. Engineer Manager,Engineering
Power Electronics Engineer,Engineering
VP Sales,Business Development
Commercial Grid-Tie Sales Manager,Business Development
"Director, Tax Equity",General Management
Project Manager,Engineering
SDE,Product Development and Management
Solar Engineer,Engineering
Innovation Manager,Product Development and Management
Chief Strategy Officer,Leadership and Organizational Planning
Special Applications Manager,Engineering
VP - External Affairs and Business Development,Business Development
Senior Marketing Program Manager,Business Development
Project Development Associate II,Business Development
Consultant Funding Specialist,Engineering
Sales Representative,Business Development
Senior Vice President- Government Relations & External Affairs,Government & Regulatory Affairs
PV Systems Designer,Product Development and Management
CEO/Managing Director,Leadership and Organizational Planning
SALES,Business Development
Solar PV System Engineer,Engineering
ENGINEER,Engineering
Paralegal,Government & Regulatory Affairs
PMM,Product Development and Management
"Director, Community-Scale Markets",Product Development and Management
"Program Manager, Renewable Energy",Product Development and Management
"Vice President, Downstream Business Development and Portfolio",Business Development
Vice President,Leadership and Organizational Planning
President,Leadership and Organizational Planning
Senior Engineer,Engineering
Partner,Leadership and Organizational Planning
VP Utilities,Product Development and Management
Electrical Engineer,Engineering
Senior Vice President and General Counsel,Government & Regulatory Affairs
"Assistant VP, Investment Portfolio Credit",Operations & Maintenance
CEO,Leadership and Organizational Planning
Energy Storage Growth Manager,Business Development
Project Analyst,Engineering
Project Manager,Engineering
Senior Sourcing Specialist,Engineering
Application Engineer,Engineering
Sr. Director Sales and Marketing,Business Development
CFO,Leadership and Organizational Planning
Sales/Business Development,Business Development
Assoicate,Product Development and Management
Senior Director,Operations & Maintenance
Channel Account Manager,Business Development
COO,Leadership and Organizational Planning
Global Account Director,Operations & Maintenance
CEO,Leadership and Organizational Planning
President,Leadership and Organizational Planning
Marketing Coordinator,Business Development
CEO,Leadership and Organizational Planning
Marketing Manager,Business Development
Global Energy Market Development & Policy,Business Development
Project Manager,Engineering
CEO,Leadership and Organizational Planning
Interconnection Program Manager,Engineering
.,Product Development and Management
President,Leadership and Organizational Planning
"Regional Director, Generation Operations",Business Development
International Trade Advisor,Business Development
CEO,Leadership and Organizational Planning
"VP, Client Solutions",Business Development
Business Manager,General Management
Principal Engineer,Engineering
Legislative Director,Operations & Maintenance
Sunrun,Product Development and Management
"Vice President, Building Energy Management",Leadership and Organizational Planning
VP Marketing,Business Development
Director of Policy Services,Government & Regulatory Affairs
"Advertizement Manager, Business Planning Department",General Management
"Director, Events",Operations & Maintenance
Chargé De Mission Auprès Du PDG,Product Development and Management
Sales Manager,Business Development
NERC Complaince,Product Development and Management
Managing Director,Leadership and Organizational Planning
Product Manager,Product Development and Management
CEO,Leadership and Organizational Planning
Business Development Manager,Business Development
Strategic Account Manager,Business Development
"director, sales and marketing",Business Development
director of tech,Operations & Maintenance
President,Leadership and Organizational Planning
Planning Manager,Operations & Maintenance
Partner,Leadership and Organizational Planning
Marketing Intern,Business Development
Technical Sales Engineer,Business Development
Go green concept,Product Development and Management
Asst. Manager - Consulting and Analytical Services,General Management
INTERPRETER,Product Development and Management
Director of Project Development and Construction,Business Development
Sales Associate,Business Development
Capital Markets Relationship Manager,Business Development
VP Business Development,Business Development
Business Development Manager,Business Development
Technical Services and Onboarding Manager,Leadership and Organizational Planning
Senior Electrical Designer,Product Development and Management
Senior Account Executive,Business Development
"Manager, Project Development & Financing",Business Development
Founder & CEO,Leadership and Organizational Planning
President,Leadership and Organizational Planning
Strategic Account Manager-Southern California,Business Development
Kasita,Product Development and Management
CMO,Leadership and Organizational Planning
Attorney,Government & Regulatory Affairs
Director of Government Affairs,Government & Regulatory Affairs
Sr. Project Manager,Engineering
Solar Estimating Manager,Product Development and Management
"Manager, Policy & Market Development",Business Development
Vertical Marketing Manager,Business Development
Energy Resources Business Development Coordinator,Business Development
Partner,Leadership and Organizational Planning
Sales,Business Development
Strategic Account Manager,Business Development
VP Business Developement,Engineering
AVP Engineering/Energy Solutions,Engineering
Project Manager,Engineering
"Secretary, Treasurer, Chief Financial Officer",Leadership and Organizational Planning
VP of energy storage,Product Development and Management
Marketing Director,Business Development
abc,Product Development and Management
Managing Director,Leadership and Organizational Planning
Product Manager,Product Development and Management
"Committee Secretary, Sacramento Regional County Sanitation District",Business Development
bussin,Product Development and Management
Vice President of Engineering and Technology,Engineering
President,Leadership and Organizational Planning
Client Analyst,Business Development
Business Manager,General Management
Enterprise Business Development,Business Development
Purchasing Advisor,Business Development
"Senior VP, Sales (North America)",Business Development
Project Manager,Engineering
Project Manager,Engineering
Chief Design Officer,Product Development and Management
Marketing Manager,Business Development
Solar Enthusiast,Product Development and Management
President,Leadership and Organizational Planning
Managing Director,Leadership and Organizational Planning
Executive Vice President,Leadership and Organizational Planning
Senior Project Manager,Engineering
Marketing Coordinator,Business Development
Sales,Business Development
Managing Director,Leadership and Organizational Planning
Business Development Director,Business Development
Engineer,Engineering
Vice President,Leadership and Organizational Planning
Sr. Manager Supply Chain / Procurement,Operations & Maintenance
CEO,Leadership and Organizational Planning
Director - Business Development and Technology,Business Development
Master Electrician,Product Development and Management
Civil Project Manager,Engineering
Project Manager,Engineering
Project Manager,Engineering
Enterprise Account Manager,Business Development
Marketing Coordinator,Business Development
Marketing Director,Business Development
Services Consultant,General Management
Project Engineer,Engineering
Control Engineer,Engineering
Director of Sales,Business Development
Senior Vice President of Operations,Engineering
Attorney,Government & Regulatory Affairs
Regional Sales Manager Hawaii,Business Development
VP Acquisitions,Product Development and Management
Security Building Maintence Manager,Operations & Maintenance
Vice President of Power Systems,Leadership and Organizational Planning
Field Sales Team Manager,Business Development
Research Program Manager,Product Development and Management
Sales/Marketing Coordinator,Business Development
research assistant,Product Development and Management
Consultant,General Management
Operation Coordinator,Engineering
Technical Manager,Operations & Maintenance
Director of Marketing,Business Development
"Director, Strategy & Business Development",Business Development
SVP of Commercial & Customer Enablement,Leadership and Organizational Planning
VP and General Manager Utility Business,Product Development and Management
Site Dev,Product Development and Management
Business Development Manager,Business Development
Sales,Business Development
Loan Officer - Renewable Energy Lending,Product Development and Management
Operations Director,Engineering
CEO,Leadership and Organizational Planning
Senior Advisor,Business Development
DISTRICT MANAGER,Operations & Maintenance
President and CEO,Leadership and Organizational Planning
Policy and Strategic Planning Associate,Government & Regulatory Affairs
sr eng,Product Development and Management
Founder of Watthub,Leadership and Organizational Planning
Managing Partner,Leadership and Organizational Planning
Consultant,General Management
External Affairs Manager,Government & Regulatory Affairs
real estate,Government & Regulatory Affairs
VP/Sr. Relationship Manager,Business Development
Energy Advisor,Business Development
Managing Director,Leadership and Organizational Planning
Business Development Manager,Business Development
BD,Business Development
Sales  Director,Business Development
Country Manager,Operations & Maintenance
Representative,Product Development and Management
pm,Product Development and Management
COO,Leadership and Organizational Planning
Power specialist,Engineering
International Purchasing Manager,General Management
Utilities Program Manager,Product Development and Management
MPP,Product Development and Management
Director of Sales and Marketing,Business Development
Energy Engineer,Engineering
Regional Director,Business Development
"Strategic Global Accounts, Market Manager",Business Development
Technical Manager for System Application/Product Development,Business Development
Sales Director,Business Development
Founding Partner,Leadership and Organizational Planning
IS&S Delivery Associate Manager,Operations & Maintenance
Corporate Recruiter,Product Development and Management
Project Coordinator,Engineering
"Senior Manager, Corporate Development",Business Development
1,Product Development and Management
M.Sc.,Product Development and Management
PM,Product Development and Management
COO,Leadership and Organizational Planning
Field Applications Engineer,Engineering
VP of Business Development,Business Development
Senior Firmware Engineer,Engineering
Vice President,Leadership and Organizational Planning
Vice President of Marketing Communications,Business Development
Accounts Payable,Business Development
Senior Project Manager,Engineering
SVP of Business Development,Business Development
Paratelic Systems,Product Development and Management
Senior Legal Operations Manager,Engineering
Engineer,Engineering
"Director, Corporate Marketing",Business Development
Vice President of Sales and Marketing,Business Development
Consultant,General Management
Director of North America Standards,Leadership and Organizational Planning
Astrophysicist,Product Development and Management
Reporter,General Management
Residential Product Manager,Product Development and Management
"Chairman, President & CEO",Leadership and Organizational Planning
VP of Sales,Business Development
Customer service,Business Development
Environmental Scientist,Product Development and Management
"Director, Consulting",General Management
Civil/Structural Engineer,Engineering
